sometim,lif,hard,dust,keep,going,nolimit
com,shak,elneny
problem,funny,enough,issu,com,across,oft,benefit,ridic,nam
iv,seeen,didnt,know,sksks
yeah,gre,work
rep,rumo,tel,sometim,let,peopl,go,bye,felic,stfu,tamrajudg,rhoc,season,fin
gre,map,via
cant,wait,see,win,univers,titl,point
com
soo,mum,ask,want,sunday,din,told,said,mak,ev,mak,sens
act,comp,wear,import,symbol,ongo,death,peopl,build,stad,mean,dont,u
godavid,proud,cli,repres,uk,isoty,let,keep,vot,chant,wreak,eurovid,rev
eastern,gideon,rachm,gre,derang,amitav,ghosh,review
train,dont,turn,nev,heat,absolv,weasel
happy,cub,world,sery,bet,chicago,rock
know,yo,grow,gard,wer,talk,plant,episod
certain,hop,tru,opin,it,prong,attack,nee,leg,protest,know,m
west,indy,test,west,indy,test,west,indy,test,good,week,pakvw,banveng
let,hurt,go
year,wordoftheyear,bit,bor,brexit,noun,see,brexit
watch,liv,bril,act,num,bril,speech,let,hop,list
gre,wembley,stad
choos,facebook,twit,instagram,com,trail,drop,trainspot,choosel
want,hear,tru,pass,list,talk,hash,brown
let,hop,voc,energet,campaign,heathrow
ready,weekend,away,berlin,wond,last,min,ocr,ev,going,nearby,mountain,climb
wel,don,way,light,without,warn,on,sou,borough,clueless
didnt,ev,know,gam,lol
let,ag,southwick,complet,let,visit
think,com,end
way,going,ask,min,magetitansmcr
bril,way,rememb,jo,cox
jus,spud,embarrass,thousand,peopl,wit,ars,let,laugh,tot
jam,embrac,every,emot,com,enjoy,mom,absolv,incred,big,hug
recogn,man,want,quest,burgl,bookham,oct
it,gre,immens,sit
kind,everyth,know,abt,stain,learn,marthastewart,bril,wom,encyclopd,sci
op,lim,avenu,sign,improv,view,nic,work,cassiobury
sound,interest,link,doesnt,work,chap
gre,artic,expl,poss,divers,thought,allow,diff,perspect
crossfit,class,interv,x,work,rest,wod,run,cardio,workweak
work,it,cold,brrr
tru,fear,remain,ak,remo,trait,dissid,com,top,hoc
many,part,world,involv,trump,hap,meric,us,thought,worldsery
stil,try,work,aim
theyr,com
know,dont,car,cal,elit,car,money,pow,peopl,mean,noth
rush,work,talk,themiss,the,mindblown
got,work,absolv,freeezin,wrap,wel,everyon
serum,hyaluron,acid,on,gre,hydr,retinoid,anty,depend,skin,x
hal,way,angl,canvey
hal,way,angl,canvey
trainspot,id,com,ok,end
on,follow,stil,think,peopl,car,think,smh
nic,see,yesterday,sorry,couldnt,chat,prop,let,catch,sometim,best,wish,sam
tel,u,start,print,fact,instead,fict,com
trainspot,com,ok,end
gre,see,work,don,schools,project,plac,adult,dis,oft,becom,unfit
get,ticket,it,going,quit,ev,eventprof
it,much,fost,stat,mind,think,nee,learn,know,yo,alway,learn,quest,thing
lit,laugh,much,driv,work,cash,track,bieb,right,xxx
jamy,vardy,get,giant,poppy,tattoo,fac,act,defy,fif
facebook,post,april,chang,way,work,cant,chang,the
it,amaz,thing,see,two,week,ago,hop,sav,rom
aj,molin,undercard,pleas,nee,whytechisor,sep,press,want,abl,foc,bant,accord
sent,rev,lionclad,outlin,ms,amedit,continu,tnitef,back,world,work,near,wks
nee,work,lol
say,join,club,delib,mak,difficult,leav,spid,web,com
us,colleagu,told,prep,arrang,uk,work,visa,trump,win,oth,cant,w
amaz,work,volunt,thankyou
u,know,abt,pac,lif,class
act,wrong,homeless,streets,yr,pleas,dont,judg
brit,press,hypocrisy,work,pol,kil,cyc,dmail,goe,antieu,rant
that,scary,dog,pleas,dont,dont,fee,child,smarty,ok,gun,onlyinameric
near,weekend,work,sunday,near,saturday
rehears,king,lear,gre,rol,glend,jackson
nev,chang,twit
gre,point,guyfail
fantast,work,teamross
wow,let,get,carry,away,last,week,spain,city,rub,best,pep,bust,flush,geni,pathet
want,thorough,report,expos,detail,yo,tweet,im,che,us,bbc
got,hop,it,sev,dip,form,play,tru,colo,sissoko,roy,fuck,im,eg
ha,jok,apart,it,good,scheme,work,loc,caus,fab,food,bank,caf,educ,help
fun,nev,stop,rotterdam,work,mtv,mus,award,heathrow,termin
chalkboard,city,much,inform,els,say,gre,tast,coff,east
trous,sur,shimmy,shak,watch,ann,lambrecht,wear,our
youd,think,theyl,rais,gam,nld,cant,ec,every,play,want,play,havemydoubt,coy
puto,grado,fuer,it,freez,eso,que,wint,isnt,com,yet
lit,support,boyfriend,past,expery,iv,nev,known,someon,whenev,nee,help
train,mov,try,scream,loud,horr,stil,tub
met,fascin,speak,attend,yesterday,gre,work,team
chalkboard,city,much,inform,els,say,gre,tast,coff,from
dont,understand,peopl,boycot,fantast,beast,johnny,drop,stil,watch,rom,polansk,film
feel,yo,going,go,shop,cloth,big
horr,feel,hes,going,win
wel,don,hatty,shitty,cunt,hop,driv,sue,poxy,ev,sub,standard,nev,hap,cunt
job,might,gre,fit,nurs,project,man,nationwid,nurs,berkshir,eng,hir
think,yo,bet,going,sevenoak,way,walk,past,laugh
futuresup,com,ticket
peopl,think,theyr,bar,clev,going,short,way,loool,nop,main,road,cleaaarr
got,star,minut,whatev,think,work
sort,act,train,delay,week,run,im,pay,lat,work,dai
interest,cours,lot,valu,rel,work,academy
slow,cold,commut,gre,chart
week,drain,it,stil,going
let
gre,battl,idf,lat,becam,ev,tank,jet,could,win
week,without,internet,want,play,owlboy
wel,don,cub,win,world,sery,last,gam,going,last
happy,spend,tril,going,war,keep,us,healthy
wel,go,coupl,drink,nev,bottl,prosecco,lat,us
noth,hap,someth,mov
thought,want,chang,thought,thought,guess,noth,chang
vouch,dont,nee,phon,bed
read,incred,work,expery,two,ment
iv,got,ord,gre,sit,person,littl,not,send,cut
would,say,hezbollah,man,man,best,arab,fight,army,clos,western,std
train,work,hot,top,poor,lastnightobvy,person,behind,gam,woe,spursoff
much,work
_happy,birthday,profess,amarty,sen,renown,econom,gre,teach
anoth,gre,night,scaresvil,kil,clown,freaky,dol
poppy,mean,much,peopl,uk,ridic,com,spokesperson,yesterd
moron,dont,know,yo,talk
recommend,anyon,job,seny,credit,man,fir,europ,account,cityoflondon,hir
pleas,mak,mind,way,send,train,stuck,behind,passeng,liv,job,plan
flyn,know,rus,fight,us,back,jihad,murd,christians,quest,who,wrong
hi,everyday,mat,ear,train,lbg,sit,sit,wait,platform,pleas
