lol,hap,put,wom,charg
ya,dozy,saus
end,hap
themiss,wembley,spur,thistimenextyear,gmt,trndnl
mayb,end,long,char,tast,quor,u,k,winetrad,is
com,shak,elneny
problem,funny,enough,issu,com,across,oft,benefit,ridic,nam
fav,nev,back
toonz,amaz,da,flo,garageclass,keep,em,com
pathet
on
beeh,tottenham
delud,soil,mor,high,ground
isoc,din,nug,uno,that,long
wait,til,weekend,party,pit,around,casino
jus,gif
it,john,oclock,motherf,ker
knew,begin,hue,keep,try,boot,system,psu,fri
guy
seem,wev,scam
vis,spectacul
nug,tre,cours,meal,calm,dunno,prep
on,find,univers,park
iv,bet,bottl,lag
attend,elect,vehic,upd,eliot,suffolk
big,pict
best,show,tonight,us,show,min,impress,cool,innov,conceiv
cub,lead,gocubsgo
clos,chainsmok,feat,halsey,nowplay,wa,caf
cooold
read,andy,carrol,attempt,stickup,story,seem,intrigu,indee
hello
bet,cal,sick,tomorrow,worldsery,gmt,stillawak,uk
upd,crook,link,tow,hamlet,guildford,expos,crook,monik,junej,employ,bar,tow,hamlet
app,on,fiv,brit,shar,food,pict,onlin,past,mon,my
moth,nat,pretty,incred,sometim,bisley,surrey
reggy,bush,sid,chick,smart
junej,bar,solicit,yet,fact,allow,get,job,fals,qual,show,th,council,unfit
went,show,tonight,sab,without,kelvin,miss
tel,lyin
insomn
wast,much,money,sum
flam,soulf,dark,tranquil,memb,mystery,singl
tbt,photo,shoot,bridg,whyalwaysdand,chuck,stonebridg,est
sunr,quarry,nofilt,cyc,coldmorn,broadmarsh
bitch,bad,boud
cor,wint
famili,story,movy,get
visit,resta,op,soon
slept,albeit,long,_i,ev,angry
interest,guest,list,party
buzz,tomorrow
congrat
send,money,il,party
poss,fund,alzheim,dement
ginov
throat,rlly,hurt
moonrumugam,get,remak,lead,rol
cleveland,team,blew,lead,fin
agree,might,get,cov
ye,franz
cam,camp,egypt,camp,israel,cloud,dark,t
god,aw
famili,story,med,fawn,fict,battl,sex
wis,mov,egypt,devalu,spread,eith,sid,discount,longterm,fair
thursdaythought,what
count,begin,nov,fight,the
elrow,hideout,go
kind
mark,brac,bottl,wat
tel,driv,put,heat,dartford,cannon,street
deserv
ready,break
qat,r,class,far,remov,earn,chart,without,not,sur,ex,book,hono
annoy,baloo
am
damn
ther,four,seat,left
thi,win,us,elect,il,destroy,am,green,card,wol,soyink
yo,maj,b,it,funda,harm,ide
pray,kan,toby,back
sil
drew,peacock
bad,predict
ps,last,tweet,btw
increas,econom,import,bank,muslimmas,country,mad,islamicfin,us,skil
inspir,what,pass,what,big,thursdaythought
priceless
choos,facebook,twit,instagram,com,trail,drop,trainspot,choosel
worst,dream,ev
thursdaythought,sav,spend,next,wk,scottishhighland,autumn,latebook,from
that,point,it,mob,rul
embarrass
farm
beaujola,perhap,littl,country,win,corby
cold,wat,maj,laz,feat,justin,bieb,mo,nowplay,anytim,fit,demo
wish,snail
cant,decid
breakfast,attempt
thou,hast,shelt,strong,tow,enemy,psalm,kjv
shar,heathrow,heathrow,termin
last,chant,buy,ticket,club,saturday,emiratesfacup,match,v
darcy
said,ap,lag,chin,mou
agree,veto
prep,spart,rac,via
rememb,every,show,tv,steph,fry
brought,costacoff,beaconsfield,crap,havethatfuckerback
dis,gon,b,gud
already,streatham,common
fals,accus,govern,saud,arab,arm,islam,stat,is
it,assault,sur
lta,rted,jt,youv,mad
yay,fight,mel,melsporch
that,bet,cheeky,cunt
sign,success,person,genuin,smil
cayd,spank,daddy
hop,show,efficy,honk
seen,croydon,saffront,check,latest,piec
pick
neith,miss,peak,therm,demand,chin
wow,wond
voic,head,serv,unkind,doubt,fear,we
voic,incred,racheltuck,theapolloth,londonvictor
bet,piss,ze,door
rol,sunday,cant,wait
likew,rob
problem,hop,avoid,curs,seen,oth,soon,leav
showrealap,dstrktlondon,dress
find,on,emm,watson,book,tub,il,set,fir,patron,cow
street,cat,nam,bob,review,funct,unentertain,story,hop,via
definit,buffoon,clown
wearyourpoppywithprid,shouldertoshould,support,roy,brit,leg
ye,fantast
bad,wednesday
many,part,world,involv,trump,hap,meric,us,thought,worldsery
toast,bacon,marmalad,sandwich,must,crusty,bread,though
perhap,int
ahh,cold
theyr,com
tattoo,pierc,may,hap,trip
congr
diff,reg,ground,doesnt,meet,champ,leagu,criter,ok,pl
said,wish,could,go,back,begin,season,put,bet,cubby
gasp
might,disagr,ye
want,smart,card,load
easy,manip
latest,studio,roof,pitch,match,gar,winchest,workingfromhom,homeoff,prefab
dud
yep,sad,ruin,cov
ess,artic,advoc,nhs,reconfig,via,stps
annoy
lady
millen,gen,that,result,lack,fai,join
must,leav,eu,oblig,must,end,choos,contract,back,agr,term
app,citymap,hat,dlr
on,whitehal,sourc,said,civil,serv,estim,chant,gvt,los,today,cas,whitehal,speak,chant,loss
shit,blowin
intern,dimend,ldnpoppyday,victor,collect,canad,sou,kore,among,oth,at
clinton,win,crimin,drugd,guy,crimin,gen,becom,am,presid,anybody,trump
team,giv,chant,prov,mufc
many,el,us,milit,sec,complex,blueprint,world,tyranny
shav,ya,flang,simpl
jossbay,broadstair,beach,cliff,kent,igersk,igersbroadstair,joss,bay,beach
polent,chip,fresh,rosem,sals,long,overdu,catch,kel,dineout
tottenham,hotsp,it,hap
theyr
sur,job,attorney,gen,jeremy,wright,lin,govern,los,argu,cas,person
cannot,wait,go,shop,tonight
long,arm
cant,wait,am,assassin,dylanobry
barebackmedaddy,daddy,bareback,young,osc,bareback,barebackmedaddy
langu,confus,paty,friend
get,mortg,rent,us,money,get,rang,rov
wak,cant,wak,sav
anyon,heard,mik,ross
onward,upward
get,invest,first
wow,less,left,hit,crowdfund,target,invest,get,involv,sharp
wheeoooo,wheeoo
sick,eu,fasc,threatening,us
she,cut
cannot,fight,prim,urg
issu
jamy,vardy,get,giant,poppy,tattoo,fac,act,defy,fif
congr,guy
check,run,strava
whatsap,group,consult,diabetolog,facilit,commun
hi,ya,eleon,cours,it,cancel,cant,wait,see,lat,tonight
three,awesom,tun,fav,gam,fav,cardig,song,lurv,it,sultry,voc
ord,not,tit,harry,england,poppy,fif,tit,har,tit,eng,tit,f,tit,lucky,bastard,tit,etc
inspir,unhind,unstop
pbmc
bond,blood
exerc,km,endomondo,endorphin
st,paul,cathedr,view,queen,victor,street,st,paul,cathedr
norm,serv,maipad,lat,overcrowd,presum,bad,expect,anyth,bet
beef,barley,veget,soup,cookblogsh
cant,see,sheep
hug
it,freezzz,get,barcelon
mayb,fath,christmas,pract,run,loft
consultconnect,begin,tbilis,competit,consult,sme,intern
brrr,aint,kid,dog,brassmonkey
tayl,swift,top,highest,paid,fem,mus,list
long,til,back,bud
modelzentz,musicnonstop,presentz,model,check,the
larg,fallow,clutch,handb,madeingb,view,ful,rang,follow,england
follow,consultconnect,upd
cours,jok
stp,talk,worry,unachiev,reorg,iv,expery,nhs
post,photo,putney,embank
doubl,bernard,hea,park
next,botox,teethwhit,clin
x,mark,spot
anoth,absolv,scand,us,money
french,govern,round,deport
what,latest
big,tweet
lead,govern,elit,rich,busy,men,us,tory
ey,puffy,fil,lin,every,cloud
exact
thursdaythought,eggsy,styl,try,rainbow,someon,cloud,quot
appear,swallow,bucket,raz,blad,ouch
model,check,the
awesom
youd,hop,id,guess
read,second,tweet,thought,mean,plast,cup,am,us,party,hah
go
thank,restock,favourit,org,milk,cleans,ton,nat
shouldnt,cut,high,account,fee,cut,interest,rat,unfairbank
tweet,start,thusday
ask,join
fin,run,km,endomondo,endorphin
ye
ok,rod
see,pict,fals,quot,believ,islam,bad
connect,us,join,group,photograph,henny,boogert
aid,littl,boy,last,wish,proud,invit,purchas,ticket,fest
vs,asap,rocky
blam,bono
celebr,londonpoppyday
read,see,nam,thought,wow,two,ex,bank,brand,strategists,th
iot,botnet,attack,continu,copyc,emerg,cyb,cybersec
tfw,hear,bry,adam,wal,hotel,room
saf
iot,botnet,attack,continu,copyc,emerg,cyb,cybersec,botnet
lift,mood,littl
hum,hibern
see,u,sunday,light,switch,street,food,hub,___near
gmt,thu,nov,shal,upd,extend,crim,commit,tow,hamlet,council,via,inh,law,trad
iron,would,hipst,parad
lift,mood,bit
stag,photo,tak,awesom,fuj
it,detail
madrid,pizz,spicy,chorizo,prawn,roast,red,pep,garl,mozzarell,top,with
tel
int,continu,feel,much,bet,already
watch,program,arct,went,bed
nah,wint,gonn,mad,cold,feel,cold,bon
mood
bring,fre,wif
on,crimin,employ,stupid,tow,hamlet,council,cours,monik,junej,whos,qual,includ,claim
brexit,high,court,judg,giv,leg,verdict,soon
cream,crack
simply,shouldnt,occ,develop,country
last,visit
breakfast,smal,king,homemad,bean,toast,weekend,ful,flavo
picoftheday,surreyhillscountrymand,mast,bedroom,blu,room,chos,blu,colo,schem
hap
wow,congr,legend
check,chaturb,profil,pag,see,what,hap
drink,alright
unless,cours,striking,southernfail
also
weak,pound,driv,petrol,pric,expect,hap,energy,bil,wint
fight,back,fight,hard,fight,win,endometrios,endom,chronicillness,chronicpain,needac,needa
wear,min,lucky,fact,arm,serv,ancest,surv,many,comrad,didnt
rec,sim,old
check,nhsmeetssnapchat
gross
puto,grado,fuer,it,freez,eso,que,wint,isnt,com,yet
on,newslet
tot,nopainnogain,lexyl
ok,prefab,tabloid,tosh,go,rais,interest,top
liveuamap,ukrain,outfit
pic,alison,rashm,tash,ok,grang,prim
anytim,x
brav,enough,might,sideey,us,anoth,dimend
cold
lead,boroughmarket,architecturephotograph,capture_today,capture_peopl,londonmo
ev,aw,habit
ticket,tonight,shoreditch,gon,continu
futuresup,com,ticket
yep,organg,army,vict,togetherforpun,ps,nic,hat
ind,bjp,hom,min,push,pol,every,opportun,arrest,aap,mla,falsecas,wast,courttim,n,cas,dismiss,court
stev,bartm,prob,hat,cub
halfabil,month,wow,smdh
struggling,ris,sun,run,mudchut,park,farm
omg,mex,heat
littl,lat,yet,catholicchurch
deer,x
revolv,heal,benefit,chronicillness,chronicpain,cant
didnt,agr,dump,chant
cur,mood
interest,vcs,invest,bank,put,money
whatev,hap,part,independ,wom
lot,opportun,get,clos,custom,del
milit,men,liverpoolstreet
backward,u,k,headlin
southse,sunr,shutterislandport,landscap,southparadepy,sun,sunset,sunr,beach
lit,freez,rn
chest,tattoo,weekend
portsmou,gunwharf,quay,shop
bril,video,hahahahah
didnt,tory,cut,prison,staff,first,plac,damagedon
iron,cal,war,belittl,death,suppos,rememb
wast,camer
wouldnt,would,giv,govern,ma
highcourt,decid,decid,lie,democr,elect,parlia,resid,pow,unelect,elit,monarchy,tak,back,control
nop
boy,toddl,boy,par,moth,westy,dog,buddy,pet
took,giant,leap,log,writ,tweet
mad,post,off,wait,origin,draw,coupl,we
couldnt,agr,wouldnt,put
ly,xx
long,go,host,littl,celeb,already,prep,favorit,tippl
interest
sup,pap,fab,nhs,miss
hes,pro,bono,thing,money
check,weatherconfig,commit,chang
wav,ran,beckenham
first,cinem,trip,betch
mak,someth,yummy,bak,potato,someth,p
enjoy,spend,murdoch,money,quin,hypocrit
noth,hap,someth,mov
tak,seat,wild,inv,yet,baffl,king,cross,the
retard,would,fal,anyth
aw,miss,sass
handsom,littl,man,westy,dog,pet
mem,sea,straight,kitch,resta,tunaf,foodmanaward,food,foody
snooz,button
cannot,get,song,head,sint,concert,tuesday,thank,guy,cool
irunsouc,nikerun,gail,batterse,squ
hi,apply,juny,memb,son,onlin,via,form,ground
ant,egypt,brit,muse
beg,cyc,workout,us,endomondo,peptalk
walk,footbal,result,last,monday,xcel,top,leagu
pref,justforfun
finsburyavenuesqu,fix,buttermilk,fri,chix
book,nomin,maxio
obsess,cut,littl,resta,bil
goe,suprem,court
chancel,shadow,chancel,choos,rev,or,bril,spect
cant,get,enough,definit,desir
oxymoron
mass,nobody,deny,went
jog
rol,saturday
round,fatty
jog,degr,best,decid,iv,mad
get
not
monik,junej,fraudst,claim,lawy,employ,tow,hamlet,council,k,vaz,aggress,pra
show,joy
it,cooold,groundhogday
curs
sur,us,post,boy,progress,univers,healthc,system,interest,numb
ar,saturday
cant,wait,see,trainspot,sequel,film
bor
couldnt,get,busy,brought,photo,sign
bet,judg,wid,revers,dist,bit,tricky,load
corrupt,elect,may,post,ev,acceiv,legitim,provid,k,vaz,went,on,pra,lutf
seem,v,unlik
sel,fant,button,earphon,theyv,mad,airpod
semitricol,toast,top,ricott,aubergin,smoky,tomato,pasta,cavolo
agr,crit,remov,frict,point
sigh
cant,poss,stand,field,pal,ev,bonfir
tutstravels__,westminst,bridg
