might,tim,cant,prom
first,tim,iv,ev,prop,play,ultim,team,fuck,it,addict
week,wish,everyon,involv,gre,night,next,week,good,luck,with
press,night,dead,funny,on,top,fiv,play,tim,cant,wait,til,see,next,week
pip,fly,scotsm,vict,tim,didnt
the,brexit,vot,mot,illus,urg,simpl,hank,simpl,tim
bro,longest,tim
tim,ev,agree,interest,stat,foosebal,assocy,wel,don,t
aust,stay,wicket,much,theyl,scor,big,tim
week,tim
c,new,coach,team,boy,last,nightexcit,tim,team
hmmm,bet,first,tim,cur
gre,see,joe,goe,travel,austral,monday,many,funny,tim,back,harrow,best,luc
stil,good,ide,play,gam,wembley,wond,many,turn,last,group,gam,embarrass
jol,tim,paddington,scot,tun,coldstream,guard,band
put,bil,auth,hous,tak,tim,think,wont,hap,end,march,lord,wont,help,much
born,didnt,buy,toy,bought,encyclopaedia,cours,tim,cam,along,yr,dat
next,tim,leav,moth,ask,quest,ba,lt
ind,d,ur,ind,independ,tim,popul,democr,electedparty,n,govt,min,dycm,cm,detain,stat,pol
us,ar,ear,got,jfk,good,tim,excel,serv
tb,mademoisel,priv,exhibit,saatch,gallery,tim,last,year,__
cold,stun,beauty,cardio,tim,dog,teamecho,fit,fitfam,gym
shakespear,checkhov,brecht,fo,cur,ban,turk,stat,the,turk,play,allow,good
decad,aljazeer,arab,engl,controvers,tim,empow,educ,hug,mass
gre,tim
wom,restrain,underst,horr,tim,lif,mov
it,tim,year,new,christmas,design,onlin,xma,graphicdesign,earlyb
goe,neighbo,new,york,tim,cov,brick,lan,happy,to
wait,tim,instagram,tim,underground,tub
said,inquiry,child,sex,abus,wast,tim,money
miss,dean,hop,join,us,next,tim
pretty,sur,could,foreseen,carn,let,away,fan,tim,hom,fan
it,tim,year,wed,show,wel,sattav,patid,cent,showcas
imagin,iv,near,lost,voic,first,tim,ev
best,tim,bastil,last,night
on,tim,favourit,startrek,episod,fin,cov
octob,shah,al,three,tim,elect,council,jail,carry,ser,corrupt,year
don,tim
ha,ha,mps,cant,ev,produc,cctv,record,tim,ev,cm,hear,ther,cps,incompet
go,scous,panto,tim,year,oh,it,sky,red,maf,mouth
grant,ther,noth,play,ind,replac,ar,good,enough,us,tak,sery
