ya,dozy,saus
themiss,wembley,spur,thistimenextyear,gmt,trndnl
awesom,tonight,pleas,meet,much,respect
fav,nev,back
go,back,sleep,kei,nee,beauty,sleep,skypap
pleas,review,vid,jok
watch,spur,gam,sunday
thank,much,press,play,dram,it,comply
meanwhil,span,pittsburgh,miss,h,los,pirata,de,pittsburg,worldsery
sur,click,gain,altright,neoreact,week,column,hot,ta
pow,langu,play
cub,lead,gocubsgo
hat,drunk,peopl,im,drunk,phys,scream,loud
pleas,review,video
ey,doct,ye,mat,dysph,hasnt,sint,child,ur,fak
big,quest,westworld,stil,answ
wish,bombard,spam,clinton,groupy,guarantee,piss,peopl
currentz,musicaetern,giv,concert,gift,lif,classicalmus
went,show,tonight,sab,without,kelvin,miss
tel,lyin
bitch,bad,boud
ir,pm,warn,eu,mustnt,los,plot,brexit
stil,wouldnt,us,wip,ars
cor,wint
bbc,weath,watch,report,canon,park,weatherwatch
slept,hour,feel,amaz
much,hat,world,ign,venom,islamophob,us,talk,ut,bollock,relig,it,funny
hop,doesnt,mean,tusk,draw,may,nud
ye,franz
wis,mov,egypt,devalu,spread,eith,sid,discount,longterm,fair
est,ag,clifton,mov,mov,visit
right,receiv,elect,quest,deb,judg,find,guil,acclaim
mak,diff,norfolk,norwich,char,dart,mast,return,sat,jun,tickethot,lin
pol,us,today,would,stay,brexit,uk,eu,eurozon
wel,don,enjoy
comp,footbal,match,predict,chant,win,xbox,on,bingfootyqu
help,get,someon,contact,direct,debit,fuck,up
nee,go,back,sleep,already
bad,predict
blair,start,believ,god,thought,god
ps,last,tweet,btw
omg,hat,lif
gonn,miss,boyf,aint,sadhappy,madrid,nic,though
that,point,it,mob,rul
beaujola,perhap,littl,country,win,corby
everyon,prozac,cours,everyon,think,ruddy,marvel,lol
outsid,chris,stil,wont,put,heat
yeah,rol,ston,tot,fuckwit,on,mak,mistak
bril,novemb,pleas,pleas,keep,focus
upro,hom,mayb,on,tak,streets,pol,tax,westminst,wont,ev,rais,eyebrow
ran,loo,at,should,pad,thank,mak,gym,sess,bear,isitjustm,mirand,audiobook,aud
rememb,every,show,tv,steph,fry
oh,wear,pant,otherw,would,die,tangl,sweaty,mess,pant,mak,diff,though
blink,play,edmonton,visit,theyr
ur,are,cod,u,dont,ex
quit,shameless,week,quick,press,conf,right,jals,yesterday,spec,assign
it,assault,sur
soonpaty,put,risk,anoth,bungl,unnecess,govern,policy,stil,sign,w
stil,hardrockcaf,ministryofsound,fault,digit
neith,miss,peak,therm,demand,chin
pet,maxwel,davy,farewel,stromness,play,trumpet,alison,balson,spel
think,it,opposit,esc,wint,tyr
underwear,head,mus,instru,cant,play,yet
problem,hop,avoid,curs,seen,oth,soon,leav
sery,peopl,pass,iq,test,publ,anyth
stil,creas,vid
quit,ful,flo,stil,band,eith,sid,hug,improv
her,hop,novemb
ye,fantast
bad,wednesday
tir,biggest,underst,lif
her,gist,subscrib,wel,wor,read,ful,art
mak,wond,secret,memb,it,disgrac
hop,brexit,doesnt,caus,tesco,stop,stock,favourit,flavo,milk,il,acceiv,knock,substitut,nesquik,mean,nesquik
bbcs,televid,op,night,disappoint,jam,pack,technolog,went,behind,bir,televid
weak,jok
might,disagr,ye
tir,lif
youl,nee,mass,wip
pleas,vpl
peopl,schools,go,see
tonight,see,dick,esmond,play,regul,thursday,mon,sess,jazz,fre
tottenham,play,wembley,see,west,ham,play,olymp,stad
hi,strange,quest,think,kitch,tool,allow,cabin,l
shav,ya,flang,simpl
wearyourpoppywithprid,shameonfif,support,hero,wel,don,england,footbal
fin,get,back,fig,want
theyr
play,throwbackthursday,playl,spot,first,song,mem,thompson,toottoot
mil,kun,lord,ker,world,cup,qual,andy,carrol,extr,gmt,trndnl
noth,purpos,milit,band,org,know,ex,neverforget
wow,mad,roydon,on,hour,twenty,minut,harlow,minut,journey
soc,almost,every,part,econom,industry,seg,stil,aw,rel,low,whoknew
smoo,mov,bro
ther,brass,band,play,dalla,them,tun,waterloo,stat,reason
god,sleep,nee,near,hour
loc,shop,loc,peopl,laugh,saw
mark,bent,person,fit,peopl,boot,lac,thing,alarm,bel,v,brainy,didnt,quest
shal,delet,account
ye,sick,everyon,think,tel,anyon,els,sleep,rapecult,misogyny
wel,unfortun,due,anoth,strike,wont,attend
stp,talk,worry,unachiev,reorg,iv,expery,nhs
ind,d,elhipol,hom,min,const,singledout,aap,mla,min,polit,reveng,bjps,def,delh,assembl
blaz,skud,play,cod
big,tweet
soho,soul,town,nov,pm,pm,livemusicsoho
ye
peopl,high,court,elit
read,see,nam,thought,wow,two,ex,bank,brand,strategists,th
miss,first,try,get,play,wors,iv,seen,sint
dolomit,ski,safar,ruin,lif,forev
tel
wel,play,thef
brexit,high,court,judg,giv,leg,verdict,soon
exact,mark,decid,way,feat,latest,blog,post,xx
trip,dam,nee
everyon,nee,whit,faux,croc,stil,leath,slip,spring,check,baby,from
seen,every,three,minut
check,curry,mot,barnet,next,mot,mot,mottestc,barnet
mak,sur,tun,pm,liv
wear,min,lucky,fact,arm,serv,ancest,surv,many,comrad,didnt
sur,mat
ev,aw,habit
ind,bjp,hom,min,push,pol,every,opportun,arrest,aap,mla,falsecas,wast,courttim,n,cas,dismiss,court
stev,bartm,prob,hat,cub
littl,lat,yet,catholicchurch
ther,pandora,box,op,bad,trol
fuck,jel,mak,fuck,jel,boil,anim,juic,reconstitut,mm,nic
ready,callofdutyinfinitewarf,midnight,launch,thursday,ev,pm
iron,cal,war,belittl,death,suppos,rememb
mad,post,off,wait,origin,draw,coupl,we
iphon,wind,turbin,fre,elect,lif,decid,tech,green
mak,sur,tun,tomorrow,pm,liv
chant,idiot,driv,could,us,ind,stop,middl,road,allow,peopl
sup,pap,fab,nhs,miss
hes,pro,bono,thing,money
pleas,much,fun
excel,hop,see
mak,someth,yummy,bak,potato,someth,p
aw,miss,sass
check,perform,uk,wer,glob,yet
cannot,get,song,head,sint,concert,tuesday,thank,guy,cool
fut,job,market,mean,recruit,scaleup,liv,nov,book
ign,reb,also,lie,think,leav,vot,believ,stupid
stil,cut,ev
book,nomin,maxio
hug,gam,champ,leagu,sissoko,play,minut,bring,nkoudou,janss,wink,lol
op,norm,friday,nov,southern,strike,pleas
think,govern,argu,cas,incred,bad,law,clear
dough,cook,eat,youv,play,sensoryplay,littleon
worldsery,thursdaythought,nationalsandwichday,trainspot,ausvs,gmt,trndnl
lord,ker,mil,kun,sir,philip,green,andy,carrol,gmt,trndnl
wer,hir,read,latest,job,op,account,execut,hybrid,delljob,brentford
watch,s,fin,gam,spain,ticket,sal,togetherforengland
forgot,yesterday,say,best,short,paveemuch,success,mat
agr,crit,remov,frict,point
cant,poss,stand,field,pal,ev,bonfir
