go,back,sleep,kei,nee,beauty,sleep,skypap
iv,seeen,didnt,know,sksks
watch,spur,gam,sunday
swear,got,assist,gray,burnley,gam
chang,head,it,halloween,anym,it,rlms,paranorm,act,ghost,train,it,hil,year,round
sur,click,gain,altright,neoreact,week,column,hot,ta
soo,mum,ask,want,sunday,din,told,said,mak,ev,mak,sens
scary,way,wakeup
ear,bird
obam,pand,stupid,peopl,americ,seem,want,stupid,presid
godavid,proud,cli,repres,uk,isoty,let,keep,vot,chant,wreak,eurovid,rev
seem,real,clevelandagainsttheworld,congrat,end,hurt,win,thrilling,styl,cubswin
train,dont,turn,nev,heat,absolv,weasel
happy,cub,world,sery,bet,chicago,rock
know,yo,grow,gard,wer,talk,plant,episod
certain,hop,tru,opin,it,prong,attack,nee,leg,protest,know,m
mean,know,lot,peopl,slap,word,thought,comply
com,book,us,reik,new,venu,saturday,prim,acrob,wok
sent,ear
tbt,last,week,chairm,gav,tour,john,jon,fram,design,studio
way,munich,munich,heathrow,lufthans
year,wordoftheyear,bit,bor,brexit,noun,see,brexit
yellow,stick,lifelin,on,period,liv,didnt,much,money,at,real,wel
oh,nahh,real,lash,u,guy
talk,someon,went,terr,terr,school,learn,hom,libr,going,tak,iron
rely,heavy,paid,facebook,del,new,support,custom,aw,new,fee,show,few,ad
tink,god,think,god,thank,god
wel,don,enjoy
that,nev,tak,sery,child,insult,match,dribbl,contain,blog
c,dont,level,pow,impos,it,gam,footbal
going,get,mr,zuckerberg,attend,chang,world,girl,educ
everyon,prozac,cours,everyon,think,ruddy,marvel,lol
try,real,hard,fail,hes,ev,funny
wel,don,way,light,without,warn,on,sou,borough,clueless
bril,novemb,pleas,pleas,keep,focus
fif,tel,us,behav,real,support
real,cowork,real,startup,real,success,success,startup,entrepr,londonisop
umm,hop,got,away,wahacaproblem
feel,ya,ear,ear
bree,cup,weekend,real,interest,field,aud,obry,mak,hist,breederscup,santaanit
wel,know,yo,russophob,anyth,writ,bia,dribbl,wor,pap,it,writ
new,chicago,cub,giv,hop,curs,also,lift
quit,shameless,week,quick,press,conf,right,jals,yesterday,spec,assign
would,excit,job,she,pow,fingertip,mak,leav,dant
oh,real,might,chang,rec,che
appl,philip,schiller,talk,comput,touchscreen,voic,new,macbook,pro,pass,interview
way
throwbackthursday,milo,first,got,rady,bed,nev,us,anym,catsoftwit
think,it,opposit,esc,wint,tyr
kind,everyth,know,abt,stain,learn,marthastewart,bril,wom,encyclopd,sci
dark,com,new,thing
least,didnt,say,who,tom,cru
op,lim,avenu,sign,improv,view,nic,work,cassiobury
new,exhibit,leic,ambassad,andrew,parson,ben,stev,glob,char,act,hung
interest,tak,first,step,excit,journey,toward,car,teach,math
read,new,doc,grav,ft,skateboard,phys
mean,presum,end,gam,two,yr,med,frenzy,every,year,pick,whoev,model,tel,us,right
crossfit,class,interv,x,work,rest,wod,run,cardio,workweak
molin,nick,two,world,titl,shot,il,nev,know,gatekeep
plan,new,wellingborough,prison,annount
train,delay,new,mald
poppyday,iv,got,min,got
check,tunbridg,wel,hospit,pembury,tunbridg,wel,kent
yo,delud,wedlock,real
new,spf,anty,moist,introduc,off,plu,fre,uk,ship,by
govern,try,build,way,overcrowd,fail,yet,disappoint,although,pet
fin,fin,extend,hal,wal,outsid,new,bedroom,canvey
ear,fel,asleep,bus,gym
know,dont,car,cal,elit,car,money,pow,peopl,mean,noth
rush,work,talk,themiss,the,mindblown
every,coupl,minut,train,mak,lat,thought,man,claim,min,plu
new,norm,ind,pak,trump,us,say,shiv,brexit,uk
idiot,us,email,address,account,pleas,delet,account,nev,cont
friend,got,ticket,tout,reason
nic,see,yesterday,sorry,couldnt,chat,prop,let,catch,sometim,best,wish,sam
hi,strange,quest,think,kitch,tool,allow,cabin,l
hi,uk,sit,say,neo,hybrid,cryst,iphon,cas,avail,nov,ord,today,ide,il,receiv,pleas
wearyourpoppywithprid,shameonfif,support,hero,wel,don,england,footbal
roundabout,near,leighton,buzzard,southbound,congest,loc,stalb,harpend
fact,led,block,ludicr,nevermind,go,elsewh,halloween,costum,new,gimmick,bs
wtf,guy,real
seen,email,amaz,new
nee,mov,away,person,attack,elect,polit
see,new,blog,end,vicy,govern,ant,dis,peopl,policy
it,amaz,thing,see,two,week,ago,hop,sav,rom
thing,find,attract,peopl,cal,arsey,streak,it,real
sent,rev,lionclad,outlin,ms,amedit,continu,tnitef,back,world,work,near,wks
cub,win,world,sery,hoverboard,confirm,greatscot,thisisheavy
nic,see,someon,tak,problem,sery
idiot,us,email,address,account,pleas,delet,account,nev,contact
sid,busy,road,pretty,got,shot
say,join,club,delib,mak,difficult,leav,spid,web,com
clockw,exit,clockw,congest,loc,clockw,exit,slip,at,stalb,harpend
hes,injury,hav,help,hav,got,load,altern,anyway,right
fuck,hel,want,tweet,new,item
mediev,midday,feast,dec,pm,pm
way,u,bomb,indiscrimin,includ,civil,area,might,tak,mon
much,suppos,view,un,way,cathol,church,regard,wom,remain,ful,misogyny,sham
beauty,wom,tv
lord,say,i,guid,along,best,pathway,lif,adv,watch,y,prom,ps,lif
hil,clinton,thug,lif,tat,across,bel,she,hardest,hiliaryclinton,giv,nig,passport,say
phil,collin,lat,lif,surrey,discuss,new,autobiograph,dead,yet,surrey
soho,soul,town,nov,pm,pm,livemusicsoho
brit,press,hypocrisy,work,pol,kil,cyc,dmail,goe,antieu,rant
maaayb,said,tre,fiddy,would,got,awkward,chuckl,back,away,quick
happy,birthday
that,scary,dog,pleas,dont,dont,fee,child,smarty,ok,gun,onlyinameric
best,pric,got,pre,season
happy,birthday,fell,catintheh
drs,new,solo,hotel,californ
near,weekend,work,sunday,near,saturday
mat,that,tory,way,peopl,profit
nev,chang,twit
know,asset,reserv,know,goodwil,real,mean,bal,sheet,dont,pan
awesom,new,ub,ap,act,chas,someon,jimmy,cagney,styl,followthatc
repost,extract,book,shoot,new,book
clos,touch
world,sery,lol
ey,alway,follow,around,room,caus,yo,god,ev,nee
sent,item,week,ago,class,non,ar,imagin,it,someth,post,box
q,help,homeless,peopl,ask,money,dont,carry,cash,way,digit,spons,homeless
bbc,new,nhs,structures,complex,confus
cant,think,anyth,sad,seat,gig
qual,bar,let,us,rephras,qual,bar,qual,mean,subject
mak,sur,tun,pm,liv
she,illino,origin,bil,arkansa,held,off,new,york,quest
feel,yo,going,go,shop,cloth,big
clos
alway,trust,tag,shark,video,man,dream,tickingallthebox
stay,away,wahac,bbc,new,hundr,il,due,norovir,outbreak,resta,chain
nee,help,throw,din,party,group,therapy
glad,cleveland,lost,id,hat,los,gam,sery,cub
dont,fool,yal,know,exact,hes,say,act,undermin,brexit
bbc,new,hundr,il,due,norovir,outbreak,resta,chain
bojo,tel,tru,shock,hor,bor,johnson,say,brexit,tit,success,via
happy,thursday,seen,latest,video,feat,laaav,shirt,dress,link,in
week,ptsd
interest,cours,lot,valu,rel,work,academy
ready,callofdutyinfinitewarf,midnight,launch,thursday,ev,pm
it,real,ting
cry,heathrow,airport,chicago,cub,world,sery,champ,flythedamnw
ther,someth,child,hil,let,dickhead,sec,guard,search,bag,ther,sweaty,gym,pant
real,excit,see,diff,mak
many,us,peopl,seem,want,presid,god,help,us,indee
mak,sur,tun,tomorrow,pm,liv
wel,go,coupl,drink,nev,bottl,prosecco,lat,us
real,amaz,much,say,hum
chicago,cub,break,curs,bil,goat,first,world,sery,year
read,incred,work,expery,two,ment
girl,birthday
would,say,hezbollah,man,man,best,arab,fight,army,clos,western,std
ign,reb,also,lie,think,leav,vot,believ,stupid
roundabout,near,leighton,buzzard,southbound,congest,loc,stalb,harpend
feel,quit,excit,new,ap,launch,mon
new,dual,class,win,harzand,readallaboutit
try,tackl,prison,cris,supply,problem,on,also,man,demand,end,fail,alway
real,lucky,amaz,cho,loc,nafis
think,govern,argu,cas,incred,bad,law,clear
terr,serv,hert,east,cancel,iv,crowd,run,real,slow,incompet,run,avoid
moron,dont,know,yo,talk
hot,chocol,incomplet,book,new,motherland,lif,guess
happy,birthday,wrighty,support,clublegend
recommend,anyon,job,seny,credit,man,fir,europ,account,cityoflondon,hir
happy,teach,anoth,level,new,stud,colleg,win,winetrain,resta
pleas,mak,mind,way,send,train,stuck,behind,passeng,liv,job,plan
watch,s,fin,gam,spain,ticket,sal,togetherforengland
paul,nash,ear,draw,triptik,tre,swath,ivy,tat,britain
flyn,know,rus,fight,us,back,jihad,murd,christians,quest,who,wrong
hi,everyday,mat,ear,train,lbg,sit,sit,wait,platform,pleas
