dont,believ,spid
big,thank,spec,guest,new,episod
usernam,tho,she,got,lot,learn,xoxoxoxo
pleas,review,vid,jok
terr,job,rac
na,man,u,earn,x
tru
becom,nemes,much,belov,many,desp,nee,right,tru,remov,mask,proxy,draw,lin
car,syr,fight,selv,jew,didnt,cho,wom,go,hel
follow,inst,nadsfosu,xx
cant,wait,see,win,univers,titl,point
watch,video
dont,fuck
spend,two,plu,hour,din,convers,someon,iv,nev,met,shar,thought,opin,enjoy
com
cub,get,don,worldsery,mlb
pleas,review,video
ey,doct,ye,mat,dysph,hasnt,sint,child,ur,fak
wish,bombard,spam,clinton,groupy,guarantee,piss,peopl
currentz,musicaetern,giv,concert,gift,lif,classicalmus
get,cal,prick,put,ketchup,bag
catf,bottlem,dom,tufnel,park,nov
catf,bottlem,dom,tufnel,park,nov
southbound,exit,southbound,congest,loc,southbound,exit,slip,at,stalb,harpend
catf,bottlem,dom,tufnel,park,nov
catf,bottlem,dom,tufnel,park,nov
mix,rac,hair,act,hard,tak,car,it,deep,smh
real,dno,find,much,easy,study,hom,un
bush,us,mock,refer,peopl,folk,wear,us,flag,badg,remind,country,presid
act,comp,wear,import,symbol,ongo,death,peopl,build,stad,mean,dont,u
mak,sur,hair,selfy,worthy,visit,salon,cal
tbt,what,mat,madonn,beauty,thing,throwbackthursday
man,pon,reaggeton,metet,en,tu,flow,tom,un,coc,fun
mayb,mayb,theyr,wear,big,coat,novemb,cold,evil,unnecess,rac,scar
want,prop,docu,putin,try
beauty,piec,kayn,squaw,hors,tradit,ros,enquiry
bril,ide,iv,got,christmas,pres,detail,christmas,pres,metxmast
someon,real,shouldv,warn,poss,bri,bless,shout,poppyap,offto,e
lost,plot,tru,ut
artic,auth,lord,ker,say,brexit,inevit,also,coup,would,rend,necess
oh,ye,review,timelin,real,yo,easy,lead,trol,thank
join,john,pantry,liv,inspirationalbreakfast
hard,democr,win,consecut,term,last,hap
jj,rwand,heroin,whos,testimony,got,first,convict,rap,war,crim
beauty,church
thought,already
calz,win,tourana,ben,greatest,brut,win,mccellan,froch,best,car,fought,peak
est,ag,clifton,mov,mov,visit
mak,diff,norfolk,norwich,char,dart,mast,return,sat,jun,tickethot,lin
run,lat,due,websit,say,op,guy,pub,say,interview,giv
comp,on,team,entir,city,two,complet,diff,sport,seem,kind,asinin,doesnt
disappoint,tru,isnt,govt,fail,hid,behind,handy,set
comp,footbal,match,predict,chant,win,xbox,on,bingfootyqu
bangladesh,cat,assocy,back,leav,vot,say,betray,bj,patel,allow,chef,ft,naiv,trust,leav,liar
nee,go,back,sleep,already
blair,start,believ,god,thought,god
three,are,vot,on,mot,publ,info,pharm,us,are
omg,hat,lif
want,hear,tru,pass,list,talk,hash,brown
say,least,rath,exceiv,period
wok,thought,real
tru
cargo,ship,swedic,hav,sail,sol,track,swedicahav
ment,pathet,us,child,cartoon,get,point,across,expect,peopl,visit,littl,blog
wok,thought,real
yeah,rol,ston,tot,fuckwit,on,mak,mistak
upro,hom,mayb,on,tak,streets,pol,tax,westminst,wont,ev,rais,eyebrow
ye,pleas,go,tour,x
man,avoid,io,word,yet
know,schools,around,country,known,access,defibril
oh,wear,pant,otherw,would,die,tangl,sweaty,mess,pant,mak,diff,though
ur,are,cod,u,dont,ex
school,run,train,epsom,down,cancel,yet,doubt,youv,misplac,anoth,driv,consist,useless
bril,way,rememb,jo,cox
best,yet
start,watch,old,arnab,video,mobl,peopl,next,room,cross,check,ok
anyon,fre,tonight,littl,drinky,littl,spec,look,around,retail,pod,plac,ladywel,pleas,com
hey,grow,fuck,backbon,coward,help,peopl,corp,puppet,nodapl
jam,embrac,every,emot,com,enjoy,mom,absolv,incred,big,hug
recogn,man,want,quest,burgl,bookham,oct
throwbackthursday,ago,first,birthday,happybirthdaytom,mebaby,mem
miss,first,train,old,street,beat,train,finsbury,park,direct,train,trainw,alwaysrac
hav,il,find,ta,book,near,alway,bet
gen,think,it,cut,car,it,effort,cool,car,cool,stay,loy,cool,yal,try
real,bloody
tru,giv,hat,someth,els,hat
theyr,nee,munchy
nationalsandwichday,enough,glut,fre,lead,way
got,nic,photo,herit,cent,yesterday,greenwich
integr,liv,enh,video,digit,market,strategies,essex
excel,cho,on,best
dm,happy,send,latest,vert,docu,survey,relev,publ
her,hop,novemb
pleas,support,lady,gentlem,arm,forc,collect,today,remembranceday,makethingsbet,liveon
someon,real,shouldv,warn,poss,bri,bless,shout,poppyap,offtoaand
tir,biggest,underst,lif
tru,fear,remain,ak,remo,trait,dissid,com,top,hoc
gvt,los,artic,challeng,subsequ,ap,cabinet,sourc,say,must,put,bil,hous
mot,car,todaton,serv,gar,mot,mottestc,barnet
her,gist,subscrib,wel,wor,read,ful,art
u,get,paid,month,doesnt,mat,hard,u,work,ur,skiiint,til,next,mon
alway,favourit
cargo,ship,vit,sail,sol,track,vit
happy,nationalsandwichday
saw,bbc,thought,see,form,ceredig,head,act,dishonest,commit,say
know,chainsmok,feat,phoeb,ryan,nowplay,anytim,fit,demo
tir,lif
youl,nee,mass,wip
hal,way,angl,canvey
happy,christmas,hatton,gard
first,man,rememb,scor,ars,chap
pleas,vpl
nee,get,robin,cup
peopl,schools,go,see
hal,way,angl,canvey
trainspot,id,com,ok,end
tel,u,start,print,fact,instead,fict,com
that,tru,it,hug,endors,iv,not,ltda,ar
southbound,within,junct,southbound,congest,loc,southbound,stalb,harpend
long,though,claim,happy
trainspot,com,ok,end
fin,get,back,fig,want
bedroom,craig,mov,canvey
beauty,sunr
oggy,follow,musicfest,youtub,check
man,unsink
couldv,rod,bik,wrigley,uptown,lol,way,id,pay,ub,wann,go,back
noth,purpos,milit,band,org,know,ex,neverforget
nam,cal
proud,say,stud,join,us,black,as,min,ethn,colourbrav
craig,mov,canvey
count,bless,try,grat,thing,opportun,everyday
aj,molin,undercard,pleas,nee,whytechisor,sep,press,want,abl,foc,bant,accord
secret,success,stop,wish,start
way,amaz,prim,pe,sport,conf,psd
e,p,c,c,h,n,bastil,rat,pompei,liv,thedustsettledaround
feel,immens,proud,excit,hear,plan,cho
nov,gary,rowet,scor,addick,goal,charlton,draw,sunderland,man,of
ye,it,degr,outsid,definit,cal,sear,hot
craig,bedroom,angl,canvey
smoo,mov,bro
skateboard,dant,watch
god,sleep,nee,near,hour
sup,excit,welcom,vog,intern,edit,suzy,menk,rca,tonight,as
loc,shop,loc,peopl,laugh,saw
wom,ir,desc,genuin,mak,feel,sad
best,would,excel,candid
mark,bent,person,fit,peopl,boot,lac,thing,alarm,bel,v,brainy,didnt,quest
u,know,abt,pac,lif,class
head,back,lhr,trip,gon,fast,definit,miss,many,peopl,back,littl,thought
sint,craig,mov,room,cant,shaun,lol,canvey
us,thank,start,cargo,load,real,struggle,eat,much,food
gonn,train,jam,way,colleg
appear,tru,could,typ,amaz,instead,you,yo,belong,you
dont,ev,want,sleep,lat,wann,wok,alarm,nois,goe
rememb,worldpeac,poppy,wear,poppy,prid
wel,unfortun,due,anoth,strike,wont,attend
act,wrong,homeless,streets,yr,pleas,dont,judg
help,stop
happy,birthdayy
anyon,els,list,tear,wom,giv,baby,kil,strength
trash,swed,end,landfil,ar,handl,wast,way
help,stop
us,pract,phon,try,sel,serv,wait,cal,hosp,lack,sensit
autumn,weath,sejuk,tre,beauty
prefer,cal,frank,stallon
feel,hack,aint,seen,nothin,yet,download,ub,peril,dont,say,hav,warn
mov,terr,account,forc,adopt,right
photo,rec,train,sess
peopl,high,court,elit
anyon,see,liz,truss,say,whol,lot,noth
us,elect,result,liv,til,join,us,hist,mak
train,prop,gen,zia,expect,mufad,prast,tol
dolomit,ski,safar,ruin,lif,forev
curphilipgreen,stripped,asset,help,fil,pend,pot,pilf,ded,hardwork,staff
try,form,mov,orf,onto,mac,backup,alway,sens,dread
must,watch
stud,start,text,driv,test,watch,instruct
exact,mark,decid,way,feat,latest,blog,post,xx
govern,ran,way,far,long,aust,hit,weakest
trip,dam,nee
opin,complet,chang
check,curry,mot,barnet,next,mot,mot,mottestc,barnet
thought
ther,wors,problem,lot,new,cloth,big
beauty
trous,sur,shimmy,shak,watch,ann,lambrecht,wear,our
wow,happy,hen,indee
lit,support,boyfriend,past,expery,iv,nev,known,someon,whenev,nee,help
sur,mat
way,see,colleagu,swanse,talk,cap,digit,profess,digitalpeopl
annount,kingston,train,cancel,particul,help
year,ago,met,holocaust,surv,genuin,believ,educ,would,improv,world,donald,trump
wel,don,hatty,shitty,cunt,hop,driv,sue,poxy,ev,sub,standard,nev,hap,cunt
try,fail,eng,zuha
tow,hamlet,council,sint,front,ser,challeng,timeserv,bas,common,sens,abs
wow,wel,don,cub
tru
ak,skin,tibet,inspir,beauty
say,sweet,chees,d,mydearfriend,thursdaythrowback,tbt,dinnerparty,friendsfirst
see,latest,slough,job,click,apply,onlin,optim,man,socialmed,hir,careerarc
storm,teacup,espec,pmt,say,she,jol,annoy
rememb,worldpeac,poppy,wear,poppy,prid
fuck,jel,mak,fuck,jel,boil,anim,juic,reconstitut,mm,nic
week,monik,junej,forc,admit,brok,law,guildford,last,mon,latest,corrupt,enterpr,fail
wer,way,honest,lead,us,get,grow,bet,everyday,plu,cours,the
u,nee,camp
mot,car,east,barnet,mot,cent,mot,mottestc,barnet
iphon,wind,turbin,fre,elect,lif,decid,tech,green
wom,us,word,tot,loud
sign,finnslaw,deb,novemb
intern,also,way,get,paid,train,competit,industry,expery
peopl,believ,stupid,leav,vot,us,hat,dishonest,campaign
chant,idiot,driv,could,us,ind,stop,middl,road,allow,peopl
she,say
pleas,much,fun
rememb,worldpeac,poppy,wear,poppy,prid
excel,hop,see
rememb,worldpeac,poppy,wear,poppy,prid
thought,want,chang,thought,thought,guess,noth,chang
rememb,worldpeac,poppy,wear,poppy,prid
prat,idiot,cal,job,ffs,hop,sue,lot
vouch,dont,nee,phon,bed
tru
rememb,worldpeac,poppy,wear,poppy,prid
darn,excit,hear,mornin,brownleefound,sucky
beauty,spin
fut,job,market,mean,recruit,scaleup,liv,nov,book
benefit,_corrects,post,_shapes,ur,waist,_essential,wear,sport,train,_prevent,back,injury,c
best,pleas,cat,cat,catstagram,catlov,catsofinstagram,tuxedoc
best,christmas,pres,ev
thank,stev,feel,sad,strange,sort,way,end,cant,blog
recommend,anyon,job,chorleywood,healthc,hir,careerarc
ah,com,us,footbal,term,cross,whit,lin,it
drunk,selfy,alway,best
get,chant,plan,conf,peopl,best,friend
op,norm,friday,nov,southern,strike,pleas
urself,explain,alon,someth,clear,already,know,adv,process,caut
poppy,mean,much,peopl,uk,ridic,com,spokesperson,yesterd
watch,eddy,ved,bil,murray,sing,band,weight,via
join,thermo,fish,sci,team,see,latest,job,op,supplychain,dartford,hir
greet,michaelchowel,brav,excit,piec,the,baffl,at
dont,miss,ballyshannon,stud,consign,new,flat,foal,bree,stock,sal,readallaboutit
dont,disagr,issu,sarcasm,okay,thought,u,infer
wer,hir,read,latest,job,op,account,execut,hybrid,delljob,brentford
valu,tru,friend
get,car,mot,barnet,serv,tun,cent,mot,mottestc,barnet
forgot,yesterday,say,best,short,paveemuch,success,mat
recommend,anyon,job,fibr,civil,onsit,superv,ericsson
egayl,sam,fox,admit,terr,say,gay,fear,shed,los,fan,ask,find,it
