worldsery,real,madrid,andy,carrol,sissoko,gmt,trndnl
usernam,tho,she,got,lot,learn,xoxoxoxo
iv,seeen,know,sksks
yeah,gre,work
swear,got,assist,gray,burnley,gam
gre,map,via
best,show,tonight,us,show,min,impress,cool,innov,conceiv
spend,two,plu,hour,din,convers,someon,iv,nev,met,shar,thought,opin,enjoy
mix,rac,hair,act,hard,tak,car,deep,smh
real,dno,find,much,easy,study,hom,un
ear,bird
mayb,mayb,theyr,wear,big,coat,novemb,cold,evil,unnecess,rac,scar
someon,real,warn,poss,bri,bless,shout,poppyap,offto,e
going,next,year,giant
eastern,gideon,rachm,gre,derang,amitav,ghosh,review
oh,ye,review,timelin,real,easy,lead,trol,thank
congr,wel,don,theo,first,year,year,unr,see,two,basebal,mirac,lifetim,flythew
the,brexit,vot,mot,illus,urg,simpl,hank,simpl,tim
sent,ear
oh,nahh,real,lash,u,guy
that,nev,tak,sery,child,insult,match,dribbl,contain,blog
ear,week,didnt,real,cold,got,bloody,hel
cold,wat,maj,laz,feat,justin,bieb,mo,nowplay,anytim,fit,demo
real,cowork,real,startup,real,success,success,startup,entrepr,londonisop
feel,ya,ear,ear
bree,cup,weekend,real,interest,field,aud,obry,mak,hist,breederscup,santaanit
study,show,wom,board,expery,high,fin,perform,inspir,gre,see,div
nic,work,bret,mystery,box,inv,test,los,point,gre,start,week
oh,real,might,chang,rec,che
throwbackthursday,milo,first,got,rady,bed,nev,us,anym,catsoftwit
gre,immens,sit
real,bloody
also,gre,man,us,talk,class,greek,assum,understood,nev,let
got,nic,photo,herit,cent,yesterday,greenwich
interest,tak,first,step,excit,journey,toward,car,teach,math
gre,artic,expl,poss,divers,thought,allow,diff,perspect
work,cold,brrr
poppyday,iv,got,min,got
someon,real,warn,poss,bri,bless,shout,poppyap,offtoaand
born,novemb,ear,decemb,sec,birthday,tabl,moulin,roug
delud,wedlock,real
ahh,cold
clinton,dnc,nee,help,russ,theyv,got,cov
ear,fel,asleep,bus,gym
got,work,absolv,freeezin,wrap,wel,everyon
serum,hyaluron,acid,on,gre,hydr,retinoid,anty,depend,skin,x
friend,got,ticket,tout,reason
tonight,see,dick,esmond,play,regul,thursday,mon,sess,jazz,fre
year,lit,worst,year,lif,far
wtf,guy,real
gre,see,work,don,schools,project,plac,adult,dis,oft,becom,unfit
thing,find,attract,peopl,cal,arsey,streak,real
oh,gosh,tre,much
best,thing,cyc,work,gre,workout,tongu,get,rep,tel,peopl,cyc,work
turn,car,fan,cold,weath
nic,see,someon,tak,problem,sery
sid,busy,road,pretty,got,shot
hes,injury,help,got,load,altern,anyway,right
christ,bik,party,last,night,seem,real,tit,hor,show
head,back,lhr,trip,gon,fast,definit,miss,many,peopl,back,littl,thought
us,thank,start,cargo,load,real,struggle,eat,much,food
stp,talk,worry,unachiev,reorg,iv,expery,nhs
see,bum,bag,park,run,tak,plung
welcom,thursday
welcom,thursday
unbear,loss,forc,tak,away,child,must,reflect,wrong,past,absorb,celebr,chang
maaayb,said,tre,fiddy,would,got,awkward,chuckl,back,away,quick
depend,yield,mat
best,pric,got,pre,season
miss,first,try,get,play,wors,iv,seen,sint
rehears,king,lear,gre,rol,glend,jackson
gre,point,guyfail
trainspot,trail,watch,real,excit,real,real,excit
iv,nev,let,get,way,lif,x
stag,photo,tak,awesom,fuj
wow,let,get,carry,away,last,week,spain,city,rub,best,pep,bust,flush,geni,pathet
thursday,iv,already,swam,length
nah,wint,gonn,mad,cold,feel,cold,bon
met,fascin,speak,attend,yesterday,gre,work,team
cold
tak,part,togetherforfreddy,gre,caus,amaz,young,man
got,star,minut,whatev,think,work
happy,thursday,seen,latest,video,feat,laaav,shirt,dress,link,in
slow,cold,commut,gre,chart
err,think,got,wrong,guy
real,ting
highcourt,decid,decid,lie,democr,elect,parlia,resid,pow,unelect,elit,monarchy,tak,back,control
real,excit,see,diff,mak
tak,seat,wild,inv,yet,baffl,king,cross,the
chicago,cub,break,curs,bil,goat,first,world,sery,year
wrong,assum,ign,sci,method,clear,tak,upon
ear,week,sleaz,vaz,condemn,hous,common,albeit,agree,condemn,min
let,see,real,jury,think,twiterjury,suspect,believ
iv,got,ord,gre,sit,person,littl,not,send,cut
would,say,hezbollah,man,man,best,arab,fight,army,clos,western,std
_happy,birthday,profess,amarty,sen,renown,econom,gre,teach
jog,degr,best,decid,iv,mad
anoth,gre,night,scaresvil,kil,clown,freaky,dol
real,lucky,amaz,cho,loc,nafis
terr,serv,hert,east,cancel,iv,crowd,run,real,slow,incompet,run,avoid
deadest,bant,seen,far,year
watch,s,fin,gam,spain,ticket,sal,togetherforengland
paul,nash,ear,draw,triptik,tre,swath,ivy,tat,britain
