tmp,c,wind,press,mb,cloud,ft,rain,mm,humid,fin,weath,ukweath
mat
mayb,end,long,char,tast,quor,u,k,winetrad,is
tru
isoc,din,nug,uno,that,long
becom,nemes,much,belov,many,desp,nee,right,tru,remov,mask,proxy,draw,lin
mat,knob,head,keep,tradit
fin,black,mir,forgot,fuck,show
ey,doct,ye,mat,dysph,hasnt,sint,child,ur,fak
tmp,c,wind,press,mb,cloud,ft,rain,mm,humid,fin,weath,ukweath
catf,bottlem,dom,tufnel,park,nov
catf,bottlem,dom,tufnel,park,nov
catf,bottlem,dom,tufnel,park,nov
catf,bottlem,dom,tufnel,park,nov
tel,lyin
hand,hurt,clap,throat,hurt,yel,head,hurt,tomorrow,beer,drink,good,night
ir,pm,warn,eu,los,plot,brexit
stil,beat,heart,flavo,christmas,hot,chocol,drink,back,good,coff,shop
real,hop,find,on,emm,watson,book,tub,today,search,yesterday,luck
lost,plot,tru,ut
artic,auth,lord,ker,say,brexit,inevit,also,coup,would,rend,necess
hop,mean,tusk,draw,may,nud
cleveland,team,blew,lead,fin
ye,franz
certain,hop,tru,opin,prong,attack,nee,leg,protest,know,m
on,brexit,boycottweatherspoon
year,wordoftheyear,bit,bor,brexit,noun,see,brexit
watch,liv,bril,act,num,bril,speech,let,hop,list
tel,driv,put,heat,dartford,cannon,street
talk,someon,went,terr,terr,school,learn,hom,libr,going,tak,iron
run,lat,due,websit,say,op,guy,pub,say,interview,giv
disappoint,tru,isnt,govt,fail,hid,behind,handy,set
bangladesh,cat,assocy,back,leav,vot,say,betray,bj,patel,allow,chef,ft,naiv,trust,leav,liar
let,hop,voc,energet,campaign,heathrow
say,least,rath,exceiv,period
wok,thought,real
tru
wok,thought,real
fif,tel,us,behav,real,support
tmp,c,wind,press,mb,cloud,ft,rain,mm,humid,fin,weath,ukweath
bree,cup,weekend,statesid,real,good,field,aid,obry,mak,hist,breederscup,santaanit,californiachrom
tru,giv,hat,someth,els,hat
bree,cup,weekend,statesid,real,good,field,aid,obry,mak,hist,breederscup,santaanit,californiachrom
least,didnt,say,who,tom,cru
problem,hop,avoid,curs,seen,oth,soon,leav
peel,inspect,next,year,frs
street,cat,nam,bob,review,funct,unentertain,story,hop,via
mean,presum,end,gam,two,yr,med,frenzy,every,year,pick,whoev,model,tel,us,right
ye,fantast
gvt,los,artic,challeng,subsequ,ap,cabinet,sourc,say,must,put,bil,hous
hop,brexit,caus,tesco,stop,stock,favourit,flavo,milk,il,acceiv,knock,substitut,nesquik,mean,nesquik
saw,bbc,thought,see,form,ceredig,head,act,dishonest,commit,say
new,norm,ind,pak,trump,us,say,shiv,brexit,uk
might,disagr,ye
tel,u,start,print,fact,instead,fict,com
that,tru,hug,endors,iv,not,ltda
polent,chip,fresh,rosem,sals,long,overdu,catch,kel,dineout
long,arm
tmp,c,wind,press,mb,cloud,ft,rain,mm,humid,fin,weath,ukweath
proud,say,stud,join,us,black,as,min,ethn,colourbrav
fin,gradu,mal,cop,school
solid,discuss,construct,exchang,twenty,year,al,jazeera,impact
say,join,club,delib,mak,difficult,leav,spid,web,com
year,old,spot,trump,tel,mummy,that,donald,trump,bad,guy,lik,jok,com,americ,let,san,prevail
ye,sick,everyon,think,tel,anyon,els,sleep,rapecult,misogyny
appear,tru,could,typ,amaz,instead,you,yo,belong,you
long,til,back,bud
rememb,worldpeac,poppy,wear,poppy,prid
lord,say,i,guid,along,best,pathway,lif,adv,watch,y,prom,ps,lif
hil,clinton,thug,lif,tat,across,bel,hardest,hiliaryclinton,giv,nig,passport,say
hannah,cal,tel,tied,going,extr,in,twingo
hop,id,guess
feel,hack,aint,seen,nothin,yet,download,ub,peril,say,warn
fin,run,km,endomondo,endorphin
ye
anyon,see,liz,truss,say,whol,lot,noth
dad,fin,discov,emod,hil
tel
brexit,bit,display,may,spar,osborn,johnson,via
brexit,high,court,judg,giv,leg,verdict,soon
tmp,c,wind,press,mb,cloud,ft,rain,mm,humid,fin,weath,ukweath
chalkboard,city,much,inform,els,say,gre,tast,coff,east
cold,brexit,canad,via,norway,jun,referend,mar,art,trig,mar,norway
sur,mat
chalkboard,city,much,inform,els,say,gre,tast,coff,from
brexit,bit,display,may,spar,osborn,johnson,via
fool,yal,know,exact,hes,say,act,undermin,brexit
tru
bojo,tel,tru,shock,hor,bor,johnson,say,brexit,tit,success,via
say,sweet,chees,d,mydearfriend,thursdaythrowback,tbt,dinnerparty,friendsfirst
storm,teacup,espec,pmt,say,jol,annoy
rememb,worldpeac,poppy,wear,poppy,prid
long,go,host,littl,celeb,already,prep,favorit,tippl
say
rememb,worldpeac,poppy,wear,poppy,prid
rememb,worldpeac,poppy,wear,poppy,prid
real,amaz,much,say,hum
els,get,nonresid,breakfast,fin,accommod
rememb,worldpeac,poppy,wear,poppy,prid
prat,idiot,cal,job,ffs,hop,sue,lot
tru
rememb,worldpeac,poppy,wear,poppy,prid
hel,ear,broxbourn,stat,try,get,op,conf,say,sor
blizzard,gam,terr,year
fcast,settl,fin,temp,c,rain,baro,hpa,steady,windgust,mph,ssw,sunset,hrs,thurrock,weath
temp,c,wind,n,mph,press,mb,rain,mm,mm,hr,humidty,rain,tim,unsettl
corrupt,elect,may,post,ev,acceiv,legitim,provid,k,vaz,went,on,pra,lutf
tmp,c,wind,press,mb,cloud,ft,rain,mm,humid,settl,fin,ukweath
valu,tru,friend
forgot,yesterday,say,best,short,paveemuch,success,mat
egayl,sam,fox,admit,terr,say,gay,fear,shed,los,fan,ask,find,it
