ID,Label
1,lik
2,new
3,get
4,get
5,peopl
6,get
7,new
8,new
9,say
10,get
11,real
12,say
13,say
14,new
15,new
16,new
17,get
18,get
19,get
20,tim
21,new
22,get
23,new
24,new
25,new
26,get
27,get
28,real
29,new
30,new
31,new
32,new
33,new
34,new
35,new
36,get
37,peopl
38,new
39,new
40,lik
41,get
42,real
43,real
44,lik
45,tim
46,peopl
47,new
48,real
49,get
50,get
51,say
52,say
53,peopl
54,get
55,get
56,get
57,get
58,get
59,get
60,say
61,get
62,trend
63,get
64,get
65,get
66,get
67,new
68,today
69,get
70,peopl
71,today
72,get
73,get
74,new
75,new
76,say
77,lik
78,real
79,get
80,peopl
81,get
82,peopl
83,get
84,real
85,get
86,new
87,peopl
88,peopl
89,get
90,trend
91,peopl
92,get
93,real
94,trend
95,lik
96,get
97,say
98,new
99,tim
100,lik
101,new
102,tim
103,new
104,new
105,new
106,tim
107,say
108,get
109,get
110,get
111,tim
112,say
113,get
114,get
115,today
116,get
117,tim
118,new
119,say
120,get
121,say
122,get
123,say
124,say
125,get
126,new
127,say
128,get
129,say
130,real
131,real
132,get
133,get
134,get
135,get
136,peopl
137,get
138,get
139,peopl
140,say
141,peopl
142,get
143,lik
144,get
145,lik
146,new
147,get
148,real
149,tim
150,peopl
151,today
152,peopl
153,tim
154,peopl
155,tim
156,say
157,get
158,lik
159,real
160,peopl
161,today
162,get
163,peopl
164,peopl
165,peopl
166,peopl
167,today
168,get
169,new
170,peopl
171,say
172,get
173,real
174,get
175,real
176,say
177,lik
178,trend
179,trend
180,new
181,get
182,real
183,say
184,tim
185,get
186,peopl
187,get
188,peopl
189,get
190,get
191,real
192,say
193,get
194,get
195,get
196,get
197,new
198,say
199,tim
200,get
201,new
202,get
203,get
204,peopl
205,peopl
206,get
207,say
208,get
209,peopl
210,say
211,tim
212,real
213,new
214,get
215,get
216,new
217,real
218,get
219,trend
220,trend
221,trend
222,get
223,trend
224,trend
225,get
226,lik
227,get
228,tim
229,get
230,get
231,get
232,say
233,get
234,peopl
235,get
236,real
237,new
238,tim
239,get
240,new
241,get
242,new
243,get
244,say
245,get
246,tim
247,say
248,peopl
249,tim
250,say
251,get
252,peopl
253,get
254,real
255,peopl
256,get
257,get
258,say
259,peopl
260,new
261,trend
262,trend
263,get
264,trend
265,get
266,say
267,new
268,get
269,today
270,say
271,get
272,get
273,trend
274,new
275,get
276,get
277,get
278,lik
279,get
280,tim
281,get
282,get
283,real
284,tim
285,get
286,say
287,get
288,peopl
289,lik
290,new
291,get
292,new
293,peopl
294,get
295,get
296,new
297,new
298,get
299,get
300,get
301,tim
302,peopl
303,new
304,real
305,today
306,today
307,say
308,say
309,tim
310,new
311,today
312,today
313,today
314,say
315,get
316,get
317,get
318,get
319,lik
320,say
321,real
322,trend
323,get
324,peopl
325,get
326,lik
327,get
328,get
329,new
330,peopl
331,get
332,new
333,get
334,say
335,get
336,get
337,get
338,new
339,get
340,tim
341,get
342,today
343,today
344,new
345,lik
346,new
347,say
348,real
349,get
350,get
351,get
352,tim
353,tim
354,tim
355,tim
356,get
357,get
358,real
359,get
360,today
361,get
362,get
363,get
364,real
365,get
366,get
367,lik
368,say
369,get
370,tim
371,peopl
372,get
373,get
374,peopl
375,peopl
376,real
377,real
378,get
379,today
380,lik
381,today
382,today
383,peopl
384,today
385,get
386,get
387,get
388,new
389,get
390,new
391,get
392,new
393,get
394,peopl
395,get
396,lik
397,get
398,new
399,new
400,peopl
401,peopl
402,real
403,peopl
404,new
405,lik
406,peopl
407,peopl
408,lik
409,get
410,get
411,get
412,get
413,tim
414,trend
415,get
416,tim
417,tim
418,peopl
419,tim
420,say
421,new
422,today
423,get
424,get
425,get
426,get
427,peopl
428,get
429,new
430,get
431,get
432,today
433,new
434,new
435,real
436,peopl
437,lik
438,real
439,get
440,new
441,trend
442,new
443,get
444,peopl
445,get
446,peopl
447,peopl
448,real
449,say
450,say
451,get
452,new
453,say
454,get
455,new
456,get
457,say
458,peopl
459,say
460,peopl
461,get
462,get
463,real
464,today
465,tim
466,get
467,new
468,tim
469,say
470,get
471,real
472,peopl
473,peopl
474,new
475,today
476,get
477,real
478,peopl
479,new
480,new
481,say
482,new
483,real
484,new
485,new
486,real
487,new
488,new
489,tim
490,lik
491,get
492,today
493,get
494,get
495,today
496,tim
497,lik
498,tim
499,get
500,today
501,get
502,today
503,real
504,real
505,get
506,say
507,peopl
508,tim
509,get
510,get
511,tim
512,tim
513,real
514,new
515,lik
516,new
517,new
518,say
519,lik
520,real
521,new
522,lik
523,get
524,get
525,new
526,new
527,get
528,get
529,real
530,get
531,get
532,get
533,get
534,lik
535,new
536,new
537,real
538,new
539,tim
540,tim
541,get
542,lik
543,tim
544,get
545,new
546,new
547,lik
548,say
549,real
550,tim
551,peopl
552,get
553,tim
554,new
555,tim
556,say
557,new
558,peopl
559,peopl
560,lik
561,get
562,real
563,tim
564,get
565,peopl
566,say
567,get
568,tim
569,say
570,peopl
571,get
572,today
573,get
574,today
575,get
576,tim
577,real
578,get
579,tim
580,get
581,get
582,new
583,lik
584,get
585,new
586,get
587,peopl
588,tim
589,new
590,get
591,tim
592,get
593,today
594,peopl
595,today
596,lik
597,get
598,lik
599,get
600,get
601,get
602,real
603,get
604,get
605,peopl
606,real
607,new
608,lik
609,new
610,new
611,peopl
612,new
613,today
614,say
615,get
616,get
617,tim
618,get
619,say
620,get
621,get
622,get
623,today
624,new
625,get
626,get
627,today
628,get
629,new
630,today
631,tim
632,say
633,peopl
634,new
635,new
636,real
637,real
638,lik
639,peopl
640,get
641,peopl
642,new
643,get
644,get
645,new
646,get
647,new
648,say
649,peopl
650,get
651,say
652,tim
653,lik
654,get
655,get
656,real
657,lik
658,get
659,new
660,get
661,get
662,tim
663,get
664,today
665,tim
666,new
667,get
668,new
669,tim
670,get
671,get
672,get
673,get
674,new
675,get
676,trend
677,say
678,lik
679,get
680,peopl
681,lik
682,get
683,new
684,tim
685,peopl
686,get
687,tim
688,peopl
689,get
690,get
691,today
692,peopl
693,peopl
694,tim
695,new
696,tim
697,new
698,tim
699,tim
700,real
701,real
702,today
703,peopl
704,get
705,new
706,get
707,new
708,real
709,today
710,trend
711,trend
712,get
713,get
714,get
715,new
716,get
717,peopl
718,peopl
719,tim
720,new
721,real
722,tim
723,say
724,get
725,get
726,peopl
727,real
728,new
729,peopl
730,get
731,peopl
732,get
733,say
734,get
735,get
736,get
737,get
738,real
739,new
740,get
741,say
742,peopl
743,get
744,trend
745,trend
746,trend
747,get
748,get
749,get
750,get
751,get
752,new
753,new
754,real
755,today
756,peopl
757,new
758,today
759,get
760,get
761,new
762,get
763,get
764,new
765,tim
766,peopl
767,real
768,peopl
769,say
770,get
771,get
772,tim
773,get
774,new
775,peopl
776,get
777,real
778,say
779,new
780,peopl
781,get
782,real
783,tim
784,peopl
785,say
786,get
787,get
788,tim
789,say
790,get
791,today
792,get
793,get
794,get
795,today
796,peopl
797,get
798,say
799,lik
800,peopl
801,tim
802,real
803,new
804,peopl
805,say
806,lik
807,peopl
808,peopl
809,peopl
810,get
811,get
812,get
813,say
814,get
815,new
816,trend
817,get
818,get
819,new
820,peopl
821,get
822,today
823,get
824,new
825,get
826,today
827,lik
828,get
829,get
830,new
831,get
832,peopl
833,get
834,get
835,lik
836,get
837,today
838,lik
839,get
840,get
841,say
842,peopl
843,say
844,tim
845,real
846,get
847,get
848,real
849,get
850,peopl
851,real
852,new
853,get
854,get
855,get
856,real
857,new
858,real
859,new
860,tim
861,tim
862,peopl
863,peopl
864,get
865,get
866,today
867,new
868,tim
869,say
870,get
871,peopl
872,tim
873,tim
874,real
875,today
876,today
877,new
878,tim
879,tim
880,say
881,trend
882,trend
883,say
884,get
885,peopl
886,peopl
887,get
888,new
889,get
890,get
891,peopl
892,get
893,get
894,get
895,tim
896,say
897,today
898,new
899,real
900,peopl
901,new
902,new
903,tim
904,new
905,get
906,get
907,real
908,real
909,peopl
910,tim
911,get
912,peopl
913,real
914,new
915,real
916,peopl
917,get
918,new
919,today
920,today
921,new
922,get
923,get
924,get
925,peopl
926,lik
927,get
928,get
929,say
930,new
931,new
932,get
933,get
934,new
935,today
936,get
937,real
938,get
939,today
940,new
941,get
942,real
943,get
944,get
945,say
946,tim
947,get
948,peopl
949,real
950,say
951,get
952,get
953,real
954,get
955,peopl
956,tim
957,new
958,tim
959,get
960,peopl
961,real
962,get
963,tim
964,peopl
965,get
966,peopl
967,get
968,get
969,get
970,say
971,get
972,new
973,peopl
974,peopl
975,peopl
976,peopl
977,say
978,get
979,get
980,tim
981,get
982,get
983,today
984,get
985,new
986,get
987,new
988,new
989,get
990,new
991,peopl
992,new
993,tim
994,get
995,get
996,new
997,get
998,peopl
999,get
1000,get
1001,get
1002,get
1003,new
1004,get
1005,peopl
1006,peopl
1007,new
1008,new
1009,get
1010,new
1011,tim
1012,lik
1013,tim
1014,peopl
1015,get
1016,say
1017,get
1018,get
1019,get
1020,peopl
1021,get
1022,say
1023,new
1024,tim
1025,today
1026,new
1027,get
1028,get
1029,new
1030,say
1031,real
1032,new
1033,peopl
1034,say
1035,peopl
1036,new
1037,get
1038,get
1039,new
1040,peopl
1041,get
1042,new
1043,get
1044,get
1045,new
1046,get
1047,lik
1048,get
1049,tim
1050,peopl
1051,get
1052,peopl
1053,get
1054,today
1055,get
1056,tim
1057,tim
1058,get
1059,get
1060,tim
1061,lik
1062,today
1063,real
1064,get
1065,get
1066,today
1067,new
1068,peopl
1069,get
1070,new
1071,say
1072,new
1073,get
1074,get
1075,get
1076,get
1077,new
1078,new
1079,tim
1080,peopl
1081,trend
1082,get
1083,say
1084,get
1085,today
1086,peopl
1087,lik
1088,get
1089,tim
1090,new
1091,get
1092,say
1093,peopl
1094,get
1095,real
1096,new
1097,new
1098,tim
1099,new
1100,peopl
1101,tim
1102,real
1103,tim
1104,peopl
1105,get
1106,get
1107,tim
1108,peopl
1109,say
1110,peopl
1111,get
1112,get
1113,peopl
1114,peopl
1115,say
1116,today
1117,get
1118,say
1119,get
1120,new
1121,lik
1122,get
1123,get
1124,peopl
1125,get
1126,real
1127,new
1128,get
1129,get
1130,new
1131,get
1132,get
1133,tim
1134,say
1135,real
1136,new
1137,get
1138,get
1139,get
1140,tim
1141,real
1142,get
1143,get
1144,get
1145,new
1146,peopl
1147,today
1148,get
1149,new
1150,tim
1151,new
1152,today
1153,get
1154,peopl
1155,peopl
1156,get
1157,get
1158,real
1159,get
1160,new
1161,tim
1162,new
1163,peopl
1164,real
1165,get
1166,real
1167,trend
1168,get
1169,peopl
1170,lik
1171,get
1172,peopl
1173,get
1174,get
1175,get
1176,peopl
1177,get
1178,today
1179,say
1180,get
1181,get
1182,peopl
1183,get
1184,get
1185,say
1186,get
1187,get
1188,new
1189,tim
1190,say
1191,get
1192,get
1193,tim
1194,get
1195,get
1196,new
1197,new
1198,get
1199,tim
1200,get
1201,say
1202,get
1203,new
1204,real
1205,tim
1206,get
1207,tim
1208,get
1209,peopl
1210,get
1211,new
1212,get
1213,today
1214,peopl
1215,say
1216,say
1217,get
1218,real
1219,say
1220,new
1221,real
1222,peopl
1223,get
1224,say
1225,peopl
1226,get
1227,get
1228,real
1229,new
1230,say
1231,get
1232,say
1233,get
1234,get
1235,get
1236,get
1237,get
1238,peopl
1239,get
1240,new
1241,get
1242,real
1243,peopl
1244,get
1245,get
1246,get
1247,peopl
1248,lik
1249,peopl
1250,peopl
1251,real
1252,get
1253,real
1254,peopl
1255,new
1256,today
1257,tim
1258,today
1259,get
1260,get
1261,get
1262,new
1263,peopl
1264,get
1265,today
1266,lik
1267,peopl
1268,get
1269,new
1270,peopl
1271,tim
1272,new
1273,tim
1274,new
1275,peopl
1276,peopl
1277,get
1278,get
1279,lik
1280,peopl
1281,tim
1282,new
1283,peopl
1284,get
1285,peopl
1286,say
1287,new
1288,new
1289,tim
1290,new
1291,get
1292,today
1293,real
1294,tim
1295,new
1296,get
1297,tim
1298,new
1299,get
1300,today
1301,today
1302,tim
1303,new
1304,get
1305,real
1306,get
1307,get
1308,peopl
1309,get
1310,real
1311,real
1312,new
1313,peopl
1314,get
1315,get
1316,get
1317,get
1318,get
1319,peopl
1320,say
1321,get
1322,get
1323,tim
1324,peopl
1325,real
1326,tim
1327,new
1328,get
1329,new
1330,new
1331,tim
1332,new
1333,get
1334,new
1335,get
1336,peopl
1337,peopl
1338,lik
1339,new
1340,get
1341,real
1342,get
1343,get
1344,new
1345,new
1346,get
1347,new
1348,say
1349,tim
1350,say
1351,get
1352,say
1353,get
1354,say
1355,peopl
1356,tim
1357,peopl
1358,lik
1359,get
1360,get
1361,new
1362,say
1363,new
1364,real
1365,tim
1366,today
1367,get
1368,real
1369,say
1370,get
1371,today
1372,get
1373,get
1374,get
1375,today
1376,tim
1377,peopl
1378,peopl
1379,get
1380,peopl
1381,new
1382,get
1383,tim
1384,say
1385,today
